,startup,venture,alpha,beta,test,launch,release
Why Supreme Courts Alice ruling doesnt solve patent troll problem   thehill,0,0,0,0,0,0,0
Supreme Courts Alice decision protected my small businesses from patent trolls   thehill,0,0,0,0,0,0,0
Two-step analysis to assist in determining patent eligibility   jdsupra,0,0,0,0,0,0,0
USPTO Issues New Alice Guidance   jdsupra,0,0,0,0,1,0,0
Federal Circuit Holds Vandas Method of Treatment Claims Pass Mayo/Alices Step One   jdsupra,0,0,0,0,1,0,0
Supreme Court Issues Decision in Alice Corp. v. CLS Bank   patentdocs,0,0,0,0,0,0,0
Alice Corp. v. CLS Bank Int'l: Alice's Supreme Court Brief   patentdocs,0,0,0,0,3,0,0
NPE litigation in Europe sees continued growth   ippropatents,0,0,0,0,0,0,0
Get instant access to the one-stop news source for business lawyers   law360,0,0,0,0,0,0,0
New Guidelines Suggest a Return to Strong Patent Rights   inventorsdigest,0,0,0,0,0,0,0
Above the Law   abovethelaw,0,0,0,0,4,0,0
U.S. top court wary of major change to software patent law   reuters,0,0,0,0,2,0,0
Alices Inventive Concept   jurist,0,0,0,0,3,0,0
Software Patents Are Increasingly Coming Under Fire In Court   techcrunch,0,0,0,0,4,0,0
Saved by Alice   eff,1,0,0,0,0,0,0
Happy Birthday Alice: Two Years Busting Bad Software Patents   eff,0,0,0,0,0,0,0
Stupid Patent of the Month: Upaid Sues Offending Laundromats For Using Prepaid Cards   eff,0,0,0,0,0,0,1
The Next Supreme Court Justice: Here's What the Senate Should Ask About New Technologies and the Internet   eff,0,0,0,0,0,0,0
Hope for Computer-Related Patents - Alice Corp. v. CLS Bank   natlawreview,0,0,0,0,0,0,0
The Patent Eligibility Battle for Life Sciences Companies in a Changing Landscape   natlawreview,0,0,0,0,10,0,0
USPTO Updates Examination Guidelines for Patent Eligible Subject Matter   natlawreview,0,0,0,0,0,0,0
Patent Trolls Recede as Threat to Innovation. Will Justices Change That?   nytimes,0,0,0,0,0,0,0
Software Patent Eligibility: Alice Corp v. CLS Bank on the Briefs   patentlyo,0,0,0,0,11,0,0
The Need for Legislative Reform: The Berkeley Section 101 Workshop   patentlyo,0,0,0,0,1,0,0
Sole Exceptions to Subject Matter Eligibility   patentlyo,0,0,0,0,0,0,0
Denied Certiorari on Section 101.   patentlyo,0,0,0,0,1,0,0
Alice and TRIPS Compliance   patentlyo,0,0,0,0,0,0,0
Phonetic Symbol System Not Patent Eligible   patentlyo,0,0,0,0,0,0,0
Searchmetrics wins important victory in patent infringement lawsuit   searchengineland,0,0,0,0,0,0,0
The Berkheimer Memorandum - Good news for software patents in the US   lexology,0,0,0,0,4,0,0
Federal Circuit Decisions Raise Bar for Invalidating Patents on Section 101 Grounds Before Trial   lexology,0,0,0,0,3,0,0
Online Advertising Method Survives Alice at the PTAB   lexology,1,0,0,0,0,0,0
Analysis of Alice Corporation Pty. Ltd. v. CLS Bank International   lexology,0,0,0,0,1,0,0
Know before you go: impact of the Alice case on software- and computer- implemented inventions in the district courts   lexology,0,0,0,0,3,0,0
Are Combined Diagnosis and Treatment Still Patent-Eligible? One Court Says No,,,,,,,
Patent 213   lexology,0,0,0,0,5,0,0
The MPEP Now Incorporates - and Expands Upon -  101 Guidance   lexology,0,0,0,0,2,0,0
The Supreme Courts Decision in Alice Corp. v. CLS Bank Has Taken a Heavy Toll on Patents for Computer-Related Inventions   lexology,0,0,0,0,1,0,0
An update on software patentability in the US   lexology,0,0,0,0,0,0,0
Post-Alice rulings on subject matter eligibility of software patents so far   lexology,0,0,0,0,1,0,0
Recent Court Decisions Clarifying Alice Have Improved Patent Applicants Chances of Obtaining Software Patents   lexology,0,0,0,0,0,0,0
Three Years of Alice: Federal Circuit Cases Upholding Patent Eligibility Under Alice Step 1,,,,,,,
New England IP Blog   lexology,0,0,0,0,0,0,0
Protecting Artificial Intelligence and Big Data Innovations Through Patents: Functional Claiming   lexology,0,0,0,0,0,0,0
Not All GUIs Are Created Equal Under USPTO Guidelines and Alice   lexology,0,0,0,0,1,0,0
Turning the Tide: Patent Subject Matter Eligibility at the Federal Circuit   lexology,0,0,0,0,4,0,0
The Evolution of Patentable Subject Matter Eligibility   lexology,0,0,0,0,0,0,0
"U.S. Federal Circuit Deems Software Innovation is Patent-Eligible, But Not InfringedBlogPCK Reporter   lexology",0,0,0,0,2,0,0
Symposium:  Business methods as abstract ideas  explaining the opacity of Alice and Bilski   scotusblog,0,0,0,0,1,0,0
Federal Circuit identifies circumstances militating against early or summary Section 101 determinations   internationallawoffice,0,0,0,0,2,0,0
"Federal Circuit rules on patent-eligible ""improvement to computer functionality""   internationallawoffice",0,0,0,0,1,0,0
Supreme Court limits the scope of software patents   fortune,0,0,0,0,0,0,0
Using Courts In The Fight Against Patent Trolls   forbes,3,0,0,0,1,0,0
Smartflash Petitions Supreme Court to Challenge PTAB under Appointments Clause   ipwatchdog,0,0,0,0,2,0,0
Capitol Hill Roundup   ipwatchdog,0,0,0,0,0,0,0
Ignorance Is Not Bliss: Alice Corp. v. CLS Bank International*   ipwatchdog,0,0,0,0,0,0,0
Federal Circuit rules Alice did not alter the law governing 101   ipwatchdog,0,0,0,0,2,0,0
A Software Patent Setback: Alice v. CLS Bank   ipwatchdog,0,0,0,0,0,0,0
6 Years Later: The Effects of the Mayo Decision on Diagnostic Methods   ipwatchdog,0,0,0,0,0,0,0
U.S. Patent System Falls to 12th Place in Chamber Global IP Index for 2018   ipwatchdog,0,0,0,0,0,0,1
"Patent-Ineligibility of Medical Diagnostics, Life Sciences Discoveries Arrests U.S. Progress   ipwatchdog",0,0,0,0,3,0,0
USAA Asserts Mobile Check Deposit Patents Against Wells Fargo   ipwatchdog,0,0,0,0,0,0,0
"Surviving Alice: Sufficient Inventive Concept Must be in Claim, Not Specification   ipwatchdog",0,0,0,0,3,0,0
SafeBreach Announces Issuance of Breach and Attack Simulation Patents After $15 Million Round of Investor Funding   ipwatchdog,0,0,0,0,1,0,1
Why Alice v. CLS Bank is a Victory for Software Patents   ipwatchdog,0,0,0,0,1,0,0
"BlackBerry Sues Facebook, Instagram and WhatsApp for Willful Infringement of Mobile Communications Patents   ipwatchdog",0,0,0,0,0,0,1
Federal Circuit Upholds Thales Motion Tracking Patent Asserted against U.S. Government for Second Time   ipwatchdog,0,0,0,0,2,0,0
"China Outpaces U.S. in AI Startup Funding, Aims for AI Dominance   ipwatchdog",2,2,0,0,0,0,0
Federal Circuit says Claims for Summarizing Information are Not Abstract   ipwatchdog,0,0,0,0,0,0,0
Apple Files Patent for Recognizing Whispered Voice Commands   ipwatchdog,0,0,0,0,1,0,1
Through the Looking Glass: Recent Federal Circuit Decisions Do Not Change the Need for Action on Alice   ipwatchdog,0,0,0,0,8,0,0
The Broken Patent-Eligibility Test of Alice and Mayo: Why We Urgently Need to Return to Principles of Diehr and Chakrabarty*   ipwatchdog,0,0,0,0,39,0,0
"Federal Circuit Curtails Alice: Economic arrangements using generic computer technology significant, if not determinative   ipwatchdog",0,0,0,0,0,0,0
Portal Communications Alleges Apples Siri Willfully Infringes on Natural Language Processing Patents   ipwatchdog,0,0,0,0,0,0,0
Made in China 2025 Initiative at Center of Growing IP Tensions Between United States and China   ipwatchdog,2,1,0,0,0,0,0
Blackbird Technologies to Appeal Ineligibility Ruling in Cloudflare Patent Infringement Litigation   ipwatchdog,0,0,0,0,1,0,0
Categorical Rules and Why the Investpic Holding Should Worry Everyone   ipwatchdog,0,0,0,0,3,0,0
Claim reciting results achieved by general computer technology directed to unpatentable abstract idea   ipwatchdog,0,0,0,0,2,0,0
Software Patent Eligibility at the Federal Circuit 2017   ipwatchdog,0,0,0,0,0,0,0
"China relaxing barriers to software, business method patents with revised patent guidelines   ipwatchdog",0,0,0,0,0,0,0
Congress Needs to Act So Alice Doesnt Live Here (in the Patent System) Anymore   ipwatchdog,0,0,0,0,8,0,0
Software appears to be a field where corporations do not always have the upper hand.   newsclick,0,0,0,0,2,0,1
Blockchain IP risks and how to manage them   orldipreview,0,0,0,0,0,0,0
India: Case Analysis: Alice Corp. v. Cls Bank (134 S. Ct. 2347 (2014))   mondaq,0,0,0,0,2,0,0
United States: Federal Circuit Cases Clarify What Makes A Valid Software Patent   mondaq,0,0,0,0,5,0,0
India: Surviving The Clouds Of Alice Rejections   mondaq,0,0,0,0,2,0,0
India: Software Patenting In India And USA   mondaq,0,0,0,0,9,0,0
High Court Won't Review Axing Of DataTreasury Patents   law360,0,0,0,0,0,0,0
The Post-Alice Blend Of Eligibility And Patentability   law360,0,0,0,0,5,0,0
High Court Considers Upending Patent Damages   law360,0,0,0,0,0,0,0
Section 101 Decisions Clarify 'Clear And Convincing Evidence'   law360,0,0,0,0,0,0,0
Ericsson Wins $75M From IP Suit Over Patent Upheld By Alice   law360,0,0,0,0,0,0,0
Fed. Circ. Upholds Ax Of Online Security IP In USAA Case   law360,0,0,0,0,0,0,0
Ancestry.com Says 23andMe DNA Patent Invalid Under Alice   law360,0,0,0,0,1,0,0
Alice-Proofing Your Patent Specifications   law360,0,0,0,0,2,0,0
Where Do We Stand One Year After Alice?   law360,1,0,0,0,18,0,1
How To Avoid The Hurdles Of Patenting Blockchain Tech   law360,0,0,0,0,1,0,0
"Ex-Fed. Circ. Chief On Courts Fading Power, 101 Woes   law360",0,0,0,0,2,1,0